{
  "n_points": 3391,
  "sigma_int_dex": 0.0,
  "models": {
    "LCDM": {
      "params": {
        "A": -3.08837302567032,
        "B": 0.6826436158765966
      },
      "chi2": 7684.348533086892,
      "chi2_red": 2.267438339653848,
      "R2_w": 0.8706904886458688,
      "RMS_dex": 0.20975714414828667,
      "k": 2,
      "AIC": 7688.348533086892,
      "BIC": 7700.606293371143
    },
    "MOND": {
      "params": {
        "a0": 3.424824003398692e-11
      },
      "chi2": 8986.922939533766,
      "chi2_red": 2.651009716676627,
      "R2_w": 0.8487712251878409,
      "RMS_dex": 0.22214554432863484,
      "k": 1,
      "AIC": 8988.922939533766,
      "BIC": 8995.051819675891
    },
    "3D3D": {
      "params": {
        "g0": 1.2e-10,
        "gamma": 0.6600117187500001,
        "fit_g0": false
      },
      "chi2": 8283.479954122826,
      "chi2_red": 2.443504411245671,
      "R2_w": 0.8606085160547661,
      "RMS_dex": 0.2171112115616794,
      "k": 1,
      "AIC": 8285.479954122826,
      "BIC": 8291.608834264951
    }
  }
}
